market_group,posts,median_engagement,mean_save_like_ratio,negative_share
Premium C-beauty,60,545.0,0.2416768551384026,0.4
Thai beauty,60,519.0,0.21428130173209234,0.38333333333333336
K-beauty,100,487.0,0.23937454754227608,0.44
Affordable C-beauty,60,486.0,0.20793703927877186,0.48333333333333334
J-beauty,70,473.5,0.2254114650741185,0.32857142857142857
International luxury,60,438.0,0.21124934747848798,0.48333333333333334
