platform,product_category,posts,median_engagement,median_save_like_ratio
douyin,base,107,570.0,0.2247191011235955
douyin,eye,23,658.0,0.1950207468879668
douyin,lip,75,523.0,0.22666666666666666
xiaohongshu,base,106,367.5,0.21757831829774277
xiaohongshu,eye,25,289.0,0.25773195876288657
xiaohongshu,lip,74,482.5,0.20524037366142628
